releaseTitle,trackNumber,trackTitle,duration,spotifyUrl,appleUrl,youtubeUrl,bandcampUrl,customLinksJson
The Sewer Monsters EP,1,Catch A Fire,,,,https://youtu.be/j3ZNM8qreIc?si=Jyj8_BwtSEjN8L07,,
The Sewer Monsters EP,2,English,,,,https://youtu.be/9yAwg8kpeJ4?si=KA0lbuPsxJev1X9a,,
The Sewer Monsters EP,3,R2D2,,,,https://youtu.be/3hN1A8Lz9j8?si=Jf2LTIS8XwR35fX1,,
The Sewer Monsters EP,4,Just Dance For Me,,,,https://youtu.be/k6qfGptNa1o?si=54nEl60tJ1xXPJ1Z,,
Oh Gosh,1,Oh Gosh (Analogue Mix),,,,https://youtu.be/LnyKBEo4f4E?si=8ua0CHfWJL9o9Meq,,
Oh Gosh,2,Can't Quite Understand,,,,https://youtu.be/VgM1mZQ_9co?si=u9hySZqHqS-FD_xR,,
Oh Gosh,3,Lickwood (Southside Mix),,,,https://youtu.be/jd-44sOQw7E?si=bxKFk16baB0tbmsv,,